Player Name,Team,Sport,Match Date,Position,Country,Points/Goals,Assists,Minutes Played,Match Result
Player_22,Panthers,Cricket,2023-01-01,Guard,Brazil,51,1,39,Win
Player_2,Warriors,Football,2023-01-02,Bowler,Germany,92,14,91,Draw
Player_32,Storm,Cricket,2023-01-03,Forward,UK,14,7,26,Loss
Player_15,Storm,Football,2023-01-04,Batsman,UK,71,7,35,Draw
Player_43,Hawks,Basketball,2023-01-05,Batsman,Germany,60,16,17,Draw
Player_23,Hawks,Basketball,2023-01-06,Midfielder,Australia,20,11,56,Win
Player_46,Warriors,Cricket,2023-01-07,Midfielder,Australia,82,18,113,Loss
Player_32,Blazers,Basketball,2023-01-08,Guard,Brazil,86,9,85,Draw
Player_7,Warriors,Football,2023-01-09,Midfielder,Brazil,74,8,100,Draw
Player_17,Warriors,Cricket,2023-01-10,Goalkeeper,Australia,74,4,81,Loss
Player_42,Blazers,Basketball,2023-01-11,Guard,Germany,87,5,98,Win
Player_14,Warriors,Football,2023-01-12,Forward,Brazil,99,19,55,Loss
Player_32,Panthers,Cricket,2023-01-13,Goalkeeper,Brazil,23,1,77,Draw
Player_45,Warriors,Football,2023-01-14,Forward,Australia,2,12,42,Loss
Player_50,Blazers,Football,2023-01-15,Midfielder,Australia,21,5,10,Loss
Player_39,Blazers,Basketball,2023-01-16,Bowler,Brazil,52,4,28,Loss
Player_18,Falcons,Cricket,2023-01-17,Guard,UK,1,0,40,Win
Player_35,Titans,Cricket,2023-01-18,Midfielder,UK,87,5,89,Win
Player_11,Panthers,Basketball,2023-01-19,Batsman,Australia,29,5,23,Loss
Player_33,Titans,Football,2023-01-20,Batsman,USA,37,15,62,Draw
Player_43,Storm,Football,2023-01-21,Guard,India,1,3,57,Draw
Player_46,Warriors,Football,2023-01-22,Bowler,Australia,63,10,78,Loss
Player_6,Hawks,Basketball,2023-01-23,Midfielder,Australia,59,8,114,Win
Player_46,Dragons,Football,2023-01-24,Midfielder,India,20,2,99,Win
Player_45,Dragons,Basketball,2023-01-25,Guard,India,32,18,71,Draw
Player_25,Titans,Cricket,2023-01-26,Goalkeeper,USA,75,7,101,Loss
Player_34,Blazers,Basketball,2023-01-27,Forward,Australia,57,4,75,Win
Player_8,Titans,Basketball,2023-01-28,Goalkeeper,USA,21,3,73,Draw
Player_13,Dragons,Football,2023-01-29,Forward,USA,88,5,79,Loss
Player_20,Storm,Football,2023-01-30,Guard,Germany,48,1,72,Loss
Player_20,Panthers,Football,2023-01-31,Forward,India,90,19,82,Win
Player_45,Warriors,Basketball,2023-02-01,Batsman,UK,58,10,42,Win
Player_11,Storm,Cricket,2023-02-02,Bowler,Australia,41,3,50,Win
Player_40,Dragons,Cricket,2023-02-03,Bowler,Australia,91,14,98,Loss
Player_26,Falcons,Basketball,2023-02-04,Batsman,India,59,5,57,Loss
Player_47,Dragons,Cricket,2023-02-05,Forward,UK,79,16,22,Loss
Player_22,Hawks,Football,2023-02-06,Goalkeeper,Brazil,14,5,82,Loss
Player_34,Blazers,Cricket,2023-02-07,Forward,Brazil,61,18,86,Loss
Player_19,Hawks,Football,2023-02-08,Batsman,USA,61,1,40,Loss
Player_37,Falcons,Cricket,2023-02-09,Batsman,India,46,14,114,Loss
Player_15,Warriors,Football,2023-02-10,Forward,Germany,61,10,84,Draw
Player_41,Storm,Cricket,2023-02-11,Guard,India,50,7,77,Loss
Player_44,Falcons,Cricket,2023-02-12,Forward,Brazil,54,18,107,Loss
Player_48,Titans,Basketball,2023-02-13,Guard,Germany,63,12,111,Loss
Player_6,Hawks,Football,2023-02-14,Guard,USA,2,11,119,Win
Player_40,Panthers,Cricket,2023-02-15,Bowler,India,50,4,13,Win
Player_36,Dragons,Basketball,2023-02-16,Guard,Australia,6,5,111,Win
Player_30,Warriors,Basketball,2023-02-17,Goalkeeper,Germany,20,3,28,Loss
Player_18,Storm,Basketball,2023-02-18,Midfielder,Germany,72,18,79,Draw
Player_43,Warriors,Basketball,2023-02-19,Bowler,Brazil,38,19,107,Loss
Player_2,Panthers,Cricket,2023-02-20,Batsman,UK,17,0,91,Draw
Player_2,Warriors,Basketball,2023-02-21,Guard,Germany,3,19,22,Win
Player_24,Titans,Cricket,2023-02-22,Guard,India,88,16,114,Win
Player_41,Titans,Football,2023-02-23,Guard,India,59,11,32,Draw
Player_19,Titans,Basketball,2023-02-24,Goalkeeper,Australia,13,14,92,Loss
Player_43,Hawks,Cricket,2023-02-25,Batsman,Australia,8,0,118,Loss
Player_31,Panthers,Cricket,2023-02-26,Forward,UK,89,13,84,Win
Player_24,Storm,Football,2023-02-27,Forward,UK,52,5,10,Draw
Player_5,Hawks,Cricket,2023-02-28,Goalkeeper,UK,1,4,97,Loss
Player_16,Warriors,Cricket,2023-03-01,Forward,Brazil,83,10,63,Win
Player_25,Falcons,Basketball,2023-03-02,Forward,Germany,91,3,80,Win
Player_43,Storm,Cricket,2023-03-03,Goalkeeper,Germany,59,12,98,Win
Player_22,Falcons,Basketball,2023-03-04,Guard,Brazil,70,10,94,Draw
Player_44,Dragons,Basketball,2023-03-05,Guard,Australia,43,2,24,Loss
Player_27,Hawks,Cricket,2023-03-06,Batsman,India,7,0,74,Win
Player_8,Hawks,Football,2023-03-07,Guard,India,46,5,85,Draw
Player_44,Panthers,Basketball,2023-03-08,Forward,Germany,34,17,80,Win
Player_45,Warriors,Football,2023-03-09,Batsman,Australia,77,9,24,Loss
Player_18,Storm,Football,2023-03-10,Midfielder,India,80,4,30,Loss
Player_28,Warriors,Basketball,2023-03-11,Midfielder,UK,35,9,28,Loss
Player_36,Panthers,Basketball,2023-03-12,Forward,USA,49,11,69,Draw
Player_10,Blazers,Cricket,2023-03-13,Midfielder,USA,3,1,102,Win
Player_3,Warriors,Football,2023-03-14,Batsman,UK,1,12,98,Win
Player_6,Titans,Basketball,2023-03-15,Forward,USA,5,7,42,Loss
Player_11,Warriors,Football,2023-03-16,Guard,Australia,53,1,58,Loss
Player_26,Falcons,Football,2023-03-17,Goalkeeper,Germany,3,19,105,Draw
Player_2,Panthers,Basketball,2023-03-18,Guard,India,53,0,44,Win
Player_26,Panthers,Football,2023-03-19,Bowler,India,92,4,53,Win
Player_6,Warriors,Cricket,2023-03-20,Goalkeeper,UK,62,8,111,Draw
Player_15,Storm,Football,2023-03-21,Midfielder,UK,17,16,99,Draw
Player_31,Storm,Basketball,2023-03-22,Goalkeeper,Germany,89,8,20,Loss
Player_27,Dragons,Cricket,2023-03-23,Forward,UK,43,10,108,Win
Player_26,Falcons,Cricket,2023-03-24,Batsman,Australia,33,14,81,Loss
Player_12,Falcons,Cricket,2023-03-25,Batsman,USA,73,5,119,Draw
Player_14,Panthers,Football,2023-03-26,Batsman,Australia,61,2,87,Draw
Player_46,Hawks,Basketball,2023-03-27,Batsman,India,99,16,83,Win
Player_17,Hawks,Football,2023-03-28,Batsman,Germany,13,4,75,Win
Player_43,Storm,Basketball,2023-03-29,Forward,USA,94,11,55,Win
Player_8,Blazers,Football,2023-03-30,Bowler,Germany,47,17,18,Loss
Player_5,Falcons,Football,2023-03-31,Midfielder,UK,14,13,12,Loss
Player_43,Warriors,Cricket,2023-04-01,Bowler,USA,71,10,94,Loss
Player_27,Dragons,Cricket,2023-04-02,Goalkeeper,Germany,77,8,35,Draw
Player_2,Titans,Cricket,2023-04-03,Forward,UK,86,1,81,Win
Player_26,Hawks,Basketball,2023-04-04,Goalkeeper,Australia,61,11,57,Win
Player_40,Panthers,Basketball,2023-04-05,Forward,Australia,39,2,75,Win
Player_18,Warriors,Cricket,2023-04-06,Goalkeeper,Australia,84,2,79,Draw
Player_36,Warriors,Cricket,2023-04-07,Bowler,Australia,79,0,37,Draw
Player_25,Warriors,Basketball,2023-04-08,Guard,India,81,7,102,Loss
Player_50,Falcons,Cricket,2023-04-09,Batsman,UK,52,7,35,Loss
Player_15,Dragons,Basketball,2023-04-10,Forward,UK,23,10,34,Win
Player_40,Dragons,Football,2023-04-11,Guard,Brazil,25,8,21,Draw
Player_1,Falcons,Football,2023-04-12,Batsman,Australia,88,4,14,Win
Player_43,Panthers,Football,2023-04-13,Batsman,India,59,13,107,Win
Player_32,Dragons,Basketball,2023-04-14,Goalkeeper,Australia,40,2,57,Draw
Player_33,Hawks,Cricket,2023-04-15,Guard,Brazil,28,4,46,Loss
Player_11,Warriors,Football,2023-04-16,Guard,Germany,14,4,88,Draw
Player_47,Blazers,Basketball,2023-04-17,Batsman,India,44,18,53,Loss
Player_39,Hawks,Cricket,2023-04-18,Midfielder,Germany,64,13,109,Draw
Player_5,Titans,Cricket,2023-04-19,Forward,UK,88,3,24,Win
Player_36,Hawks,Cricket,2023-04-20,Guard,Brazil,70,12,52,Loss
Player_31,Blazers,Football,2023-04-21,Midfielder,Brazil,8,9,57,Draw
Player_22,Panthers,Football,2023-04-22,Guard,Australia,87,17,96,Draw
Player_23,Dragons,Cricket,2023-04-23,Midfielder,Germany,0,7,79,Win
Player_7,Warriors,Cricket,2023-04-24,Batsman,USA,7,7,55,Loss
Player_31,Blazers,Cricket,2023-04-25,Bowler,Brazil,87,6,117,Win
Player_50,Panthers,Football,2023-04-26,Goalkeeper,UK,62,7,52,Win
Player_46,Dragons,Cricket,2023-04-27,Forward,Germany,10,13,118,Draw
Player_10,Dragons,Basketball,2023-04-28,Forward,India,80,18,30,Win
Player_37,Falcons,Basketball,2023-04-29,Forward,USA,7,5,32,Loss
Player_21,Titans,Cricket,2023-04-30,Midfielder,India,34,0,116,Draw
Player_43,Blazers,Basketball,2023-05-01,Goalkeeper,USA,34,14,89,Loss
Player_38,Blazers,Cricket,2023-05-02,Guard,India,32,0,56,Draw
Player_13,Warriors,Football,2023-05-03,Bowler,Australia,4,16,24,Loss
Player_26,Blazers,Cricket,2023-05-04,Goalkeeper,Brazil,40,0,34,Win
Player_10,Warriors,Football,2023-05-05,Forward,Germany,27,14,45,Loss
Player_7,Titans,Football,2023-05-06,Batsman,Brazil,6,1,84,Draw
Player_18,Warriors,Basketball,2023-05-07,Goalkeeper,Germany,72,13,60,Loss
Player_45,Hawks,Football,2023-05-08,Bowler,Australia,71,7,24,Win
Player_22,Falcons,Cricket,2023-05-09,Midfielder,Brazil,11,7,77,Loss
Player_10,Warriors,Football,2023-05-10,Batsman,UK,33,18,30,Draw
Player_8,Titans,Basketball,2023-05-11,Guard,USA,32,6,22,Draw
Player_16,Panthers,Football,2023-05-12,Batsman,Australia,47,18,95,Win
Player_12,Titans,Football,2023-05-13,Forward,USA,22,5,28,Win
Player_42,Storm,Football,2023-05-14,Forward,Germany,61,5,43,Draw
Player_20,Hawks,Cricket,2023-05-15,Goalkeeper,India,87,2,87,Draw
Player_13,Dragons,Basketball,2023-05-16,Guard,India,36,6,77,Loss
Player_23,Hawks,Cricket,2023-05-17,Bowler,USA,98,18,61,Draw
Player_13,Panthers,Cricket,2023-05-18,Goalkeeper,Australia,43,7,119,Win
Player_3,Warriors,Basketball,2023-05-19,Batsman,USA,85,9,36,Loss
Player_50,Titans,Football,2023-05-20,Forward,India,90,19,38,Loss
Player_49,Panthers,Football,2023-05-21,Midfielder,India,34,14,37,Win
Player_45,Titans,Cricket,2023-05-22,Forward,USA,64,14,44,Loss
Player_25,Falcons,Basketball,2023-05-23,Batsman,Australia,98,0,17,Loss
Player_15,Hawks,Cricket,2023-05-24,Bowler,Australia,46,19,25,Loss
Player_20,Panthers,Football,2023-05-25,Bowler,Brazil,77,6,115,Draw
Player_4,Blazers,Football,2023-05-26,Midfielder,UK,2,3,45,Win
Player_33,Panthers,Football,2023-05-27,Midfielder,UK,0,5,39,Win
Player_22,Falcons,Football,2023-05-28,Goalkeeper,UK,4,0,27,Draw
Player_30,Warriors,Basketball,2023-05-29,Batsman,Australia,89,4,11,Win
Player_10,Blazers,Basketball,2023-05-30,Bowler,Australia,13,0,58,Loss
Player_25,Dragons,Cricket,2023-05-31,Bowler,USA,26,3,86,Draw
Player_39,Storm,Basketball,2023-06-01,Goalkeeper,Australia,8,1,13,Win
Player_7,Blazers,Basketball,2023-06-02,Bowler,Germany,78,9,99,Win
Player_12,Warriors,Basketball,2023-06-03,Bowler,UK,14,4,98,Draw
Player_7,Falcons,Football,2023-06-04,Goalkeeper,USA,89,9,103,Draw
Player_5,Hawks,Cricket,2023-06-05,Bowler,Brazil,41,0,84,Loss
Player_29,Hawks,Cricket,2023-06-06,Bowler,Germany,76,5,16,Draw
Player_35,Blazers,Cricket,2023-06-07,Batsman,USA,50,12,104,Draw
Player_48,Hawks,Cricket,2023-06-08,Midfielder,Brazil,62,14,117,Loss
Player_45,Blazers,Football,2023-06-09,Goalkeeper,Germany,95,3,83,Draw
Player_47,Hawks,Basketball,2023-06-10,Batsman,Brazil,51,12,48,Loss
Player_27,Blazers,Football,2023-06-11,Forward,UK,95,19,22,Draw
Player_18,Warriors,Cricket,2023-06-12,Midfielder,Germany,3,14,40,Win
Player_33,Dragons,Cricket,2023-06-13,Midfielder,USA,93,7,80,Draw
Player_28,Hawks,Football,2023-06-14,Midfielder,Germany,22,4,72,Draw
Player_40,Warriors,Basketball,2023-06-15,Midfielder,USA,14,14,65,Draw
Player_11,Warriors,Basketball,2023-06-16,Goalkeeper,UK,42,3,51,Draw
Player_50,Panthers,Basketball,2023-06-17,Midfielder,USA,28,11,70,Draw
Player_22,Hawks,Basketball,2023-06-18,Forward,Brazil,35,12,51,Win
Player_37,Blazers,Cricket,2023-06-19,Bowler,India,12,1,65,Loss
Player_14,Dragons,Football,2023-06-20,Bowler,India,31,18,45,Draw
Player_21,Dragons,Cricket,2023-06-21,Bowler,UK,70,18,93,Loss
Player_45,Dragons,Basketball,2023-06-22,Goalkeeper,UK,58,3,77,Loss
Player_13,Storm,Cricket,2023-06-23,Midfielder,UK,85,3,16,Draw
Player_11,Storm,Football,2023-06-24,Bowler,India,27,10,63,Win
Player_15,Blazers,Basketball,2023-06-25,Forward,India,65,4,10,Loss
Player_44,Warriors,Football,2023-06-26,Midfielder,USA,41,19,53,Win
Player_45,Warriors,Basketball,2023-06-27,Bowler,Germany,44,10,54,Win
Player_33,Dragons,Basketball,2023-06-28,Batsman,Germany,61,9,115,Draw
Player_21,Dragons,Cricket,2023-06-29,Midfielder,Brazil,56,7,56,Win
Player_28,Blazers,Cricket,2023-06-30,Bowler,India,5,5,22,Draw
Player_23,Dragons,Basketball,2023-07-01,Forward,UK,27,5,31,Draw
Player_33,Panthers,Cricket,2023-07-02,Bowler,Brazil,27,7,30,Draw
Player_32,Titans,Football,2023-07-03,Forward,USA,43,14,95,Draw
Player_21,Storm,Cricket,2023-07-04,Forward,UK,83,13,101,Win
Player_34,Panthers,Basketball,2023-07-05,Guard,Australia,29,10,18,Draw
Player_14,Storm,Cricket,2023-07-06,Bowler,UK,61,11,35,Loss
Player_2,Blazers,Football,2023-07-07,Batsman,India,74,12,18,Draw
Player_29,Panthers,Basketball,2023-07-08,Midfielder,India,91,7,24,Draw
Player_7,Panthers,Basketball,2023-07-09,Bowler,Germany,88,17,19,Draw
Player_1,Falcons,Basketball,2023-07-10,Goalkeeper,Germany,61,0,97,Win
Player_31,Blazers,Football,2023-07-11,Bowler,USA,96,14,51,Loss
Player_12,Titans,Basketball,2023-07-12,Batsman,Australia,0,7,81,Draw
Player_12,Hawks,Basketball,2023-07-13,Batsman,USA,26,10,33,Win
Player_10,Storm,Football,2023-07-14,Goalkeeper,India,61,11,89,Draw
Player_22,Blazers,Cricket,2023-07-15,Forward,Germany,76,11,58,Draw
Player_15,Storm,Football,2023-07-16,Midfielder,UK,2,3,35,Loss
Player_17,Falcons,Football,2023-07-17,Bowler,Germany,69,15,100,Win
Player_16,Warriors,Football,2023-07-18,Forward,Australia,71,3,46,Loss
Player_1,Panthers,Cricket,2023-07-19,Forward,USA,26,4,77,Loss
Player_44,Dragons,Basketball,2023-07-20,Midfielder,India,8,4,59,Win
Player_22,Panthers,Football,2023-07-21,Batsman,Germany,61,7,33,Win
Player_1,Panthers,Cricket,2023-07-22,Batsman,Germany,36,9,28,Draw
Player_36,Panthers,Basketball,2023-07-23,Goalkeeper,USA,96,16,109,Win
Player_16,Titans,Basketball,2023-07-24,Midfielder,Germany,50,8,69,Draw
Player_36,Blazers,Basketball,2023-07-25,Goalkeeper,Brazil,43,18,48,Draw
Player_22,Blazers,Cricket,2023-07-26,Bowler,India,23,13,83,Loss
Player_34,Storm,Cricket,2023-07-27,Bowler,Brazil,78,7,98,Loss
Player_9,Falcons,Basketball,2023-07-28,Bowler,Germany,58,8,27,Loss
Player_35,Panthers,Basketball,2023-07-29,Guard,Germany,31,10,28,Loss
Player_35,Warriors,Cricket,2023-07-30,Midfielder,USA,95,0,45,Loss
Player_30,Blazers,Football,2023-07-31,Bowler,India,87,13,83,Draw
Player_47,Panthers,Football,2023-08-01,Midfielder,USA,51,4,106,Draw
Player_28,Titans,Football,2023-08-02,Midfielder,Brazil,61,13,64,Loss
Player_4,Panthers,Cricket,2023-08-03,Forward,USA,57,3,78,Draw
Player_11,Storm,Football,2023-08-04,Batsman,Brazil,51,0,56,Draw
Player_16,Dragons,Football,2023-08-05,Bowler,Australia,11,18,58,Loss
Player_13,Dragons,Basketball,2023-08-06,Bowler,Brazil,38,7,108,Loss
Player_9,Dragons,Cricket,2023-08-07,Midfielder,Australia,1,14,117,Win
Player_32,Storm,Cricket,2023-08-08,Guard,UK,2,14,107,Win
Player_1,Dragons,Cricket,2023-08-09,Forward,USA,55,8,42,Loss
Player_39,Warriors,Football,2023-08-10,Guard,Australia,80,8,30,Loss
Player_31,Storm,Football,2023-08-11,Batsman,UK,58,9,90,Draw
Player_47,Falcons,Football,2023-08-12,Guard,Australia,1,19,31,Draw
Player_22,Panthers,Cricket,2023-08-13,Forward,Australia,1,8,57,Win
Player_15,Blazers,Cricket,2023-08-14,Guard,Australia,91,2,46,Loss
Player_27,Storm,Basketball,2023-08-15,Midfielder,Australia,53,19,24,Win
Player_41,Panthers,Basketball,2023-08-16,Bowler,Australia,86,10,44,Draw
Player_6,Storm,Basketball,2023-08-17,Guard,Australia,95,5,101,Loss
Player_24,Blazers,Cricket,2023-08-18,Bowler,Germany,96,1,80,Loss
Player_42,Panthers,Basketball,2023-08-19,Forward,Brazil,0,6,41,Loss
Player_10,Blazers,Basketball,2023-08-20,Batsman,Brazil,18,17,20,Draw
Player_9,Blazers,Basketball,2023-08-21,Midfielder,Brazil,1,1,19,Draw
Player_26,Warriors,Cricket,2023-08-22,Midfielder,Australia,52,16,82,Draw
Player_9,Blazers,Cricket,2023-08-23,Midfielder,Germany,43,10,87,Win
Player_28,Dragons,Basketball,2023-08-24,Midfielder,Brazil,89,11,86,Win
Player_31,Panthers,Cricket,2023-08-25,Batsman,Australia,31,18,66,Loss
Player_5,Warriors,Cricket,2023-08-26,Bowler,UK,69,6,34,Loss
Player_16,Falcons,Cricket,2023-08-27,Batsman,Australia,31,19,11,Loss
Player_27,Dragons,Cricket,2023-08-28,Guard,USA,67,5,73,Win
Player_50,Panthers,Cricket,2023-08-29,Batsman,Brazil,54,0,44,Draw
Player_9,Storm,Football,2023-08-30,Goalkeeper,UK,74,16,16,Draw
Player_45,Warriors,Basketball,2023-08-31,Guard,Germany,55,10,94,Win
Player_32,Hawks,Cricket,2023-09-01,Batsman,UK,16,17,27,Draw
Player_16,Dragons,Basketball,2023-09-02,Goalkeeper,Brazil,37,16,76,Loss
Player_23,Titans,Cricket,2023-09-03,Midfielder,Germany,23,6,51,Draw
Player_12,Blazers,Football,2023-09-04,Guard,USA,68,16,48,Loss
Player_1,Hawks,Football,2023-09-05,Bowler,Germany,97,19,50,Loss
Player_23,Warriors,Basketball,2023-09-06,Midfielder,Germany,69,8,84,Draw
Player_47,Blazers,Cricket,2023-09-07,Guard,Australia,85,16,112,Loss
Player_29,Warriors,Basketball,2023-09-08,Bowler,India,10,19,33,Loss
Player_4,Hawks,Football,2023-09-09,Bowler,UK,15,7,69,Draw
Player_25,Storm,Cricket,2023-09-10,Midfielder,Brazil,96,16,55,Draw
Player_20,Storm,Cricket,2023-09-11,Guard,India,72,6,28,Win
Player_15,Hawks,Cricket,2023-09-12,Guard,Brazil,58,0,77,Loss
Player_44,Titans,Cricket,2023-09-13,Goalkeeper,UK,69,12,99,Draw
Player_8,Dragons,Basketball,2023-09-14,Guard,Australia,79,18,111,Win
Player_42,Titans,Football,2023-09-15,Forward,Australia,92,18,51,Draw
Player_34,Warriors,Football,2023-09-16,Midfielder,USA,2,16,41,Win
Player_23,Titans,Cricket,2023-09-17,Batsman,UK,19,12,48,Win
Player_25,Dragons,Basketball,2023-09-18,Guard,India,58,15,118,Loss
Player_11,Falcons,Football,2023-09-19,Forward,India,35,7,119,Loss
Player_21,Hawks,Basketball,2023-09-20,Guard,UK,18,18,45,Win
Player_2,Panthers,Football,2023-09-21,Midfielder,Germany,89,17,113,Draw
Player_37,Dragons,Football,2023-09-22,Batsman,India,66,0,110,Loss
Player_26,Blazers,Football,2023-09-23,Goalkeeper,Brazil,18,13,106,Loss
Player_41,Falcons,Cricket,2023-09-24,Batsman,Australia,19,18,45,Draw
Player_11,Falcons,Cricket,2023-09-25,Guard,Germany,95,14,12,Win
Player_32,Dragons,Football,2023-09-26,Batsman,UK,70,17,82,Loss
Player_36,Blazers,Basketball,2023-09-27,Batsman,Germany,51,1,17,Draw
Player_9,Falcons,Cricket,2023-09-28,Forward,USA,32,16,106,Loss
Player_8,Hawks,Basketball,2023-09-29,Midfielder,Brazil,39,17,79,Win
Player_33,Blazers,Basketball,2023-09-30,Bowler,Germany,38,5,50,Loss
Player_18,Hawks,Basketball,2023-10-01,Guard,Brazil,81,18,112,Loss
Player_4,Blazers,Basketball,2023-10-02,Goalkeeper,UK,0,3,77,Win
Player_47,Blazers,Cricket,2023-10-03,Goalkeeper,UK,10,0,22,Draw
Player_46,Warriors,Cricket,2023-10-04,Bowler,Germany,91,7,58,Draw
Player_4,Blazers,Football,2023-10-05,Bowler,USA,56,6,69,Win
Player_24,Blazers,Cricket,2023-10-06,Guard,UK,88,2,11,Loss
Player_5,Blazers,Cricket,2023-10-07,Guard,Australia,49,9,69,Loss
Player_46,Storm,Football,2023-10-08,Midfielder,Australia,22,9,14,Loss
Player_3,Dragons,Basketball,2023-10-09,Forward,Brazil,30,18,53,Win
Player_21,Dragons,Football,2023-10-10,Batsman,UK,93,13,36,Draw
Player_23,Titans,Football,2023-10-11,Forward,UK,41,1,41,Win
Player_42,Storm,Cricket,2023-10-12,Midfielder,UK,98,0,30,Win
Player_22,Panthers,Cricket,2023-10-13,Bowler,India,6,17,17,Win
Player_34,Storm,Basketball,2023-10-14,Bowler,UK,15,6,111,Loss
Player_41,Hawks,Football,2023-10-15,Batsman,Brazil,89,7,81,Win
Player_4,Panthers,Football,2023-10-16,Midfielder,Australia,59,0,59,Loss
Player_43,Falcons,Football,2023-10-17,Goalkeeper,Germany,1,2,76,Loss
Player_45,Storm,Cricket,2023-10-18,Midfielder,USA,0,7,53,Draw
Player_5,Falcons,Basketball,2023-10-19,Forward,Australia,47,14,67,Loss
Player_2,Warriors,Basketball,2023-10-20,Batsman,USA,11,4,12,Draw
Player_1,Blazers,Basketball,2023-10-21,Batsman,USA,68,2,95,Win
Player_10,Blazers,Basketball,2023-10-22,Guard,UK,36,18,79,Loss
Player_24,Panthers,Cricket,2023-10-23,Goalkeeper,India,31,0,11,Draw
Player_35,Panthers,Cricket,2023-10-24,Forward,Germany,8,14,96,Loss
Player_24,Storm,Football,2023-10-25,Guard,UK,98,7,53,Win
Player_42,Titans,Cricket,2023-10-26,Forward,Australia,18,1,11,Draw
Player_19,Dragons,Cricket,2023-10-27,Bowler,USA,47,2,111,Win
Player_23,Panthers,Basketball,2023-10-28,Guard,Brazil,79,13,90,Loss
Player_18,Panthers,Cricket,2023-10-29,Bowler,Brazil,2,13,44,Draw
Player_14,Warriors,Basketball,2023-10-30,Guard,Australia,19,10,107,Win
Player_30,Titans,Basketball,2023-10-31,Goalkeeper,Germany,23,15,96,Loss
Player_6,Titans,Cricket,2023-11-01,Midfielder,India,53,3,39,Draw
Player_29,Panthers,Cricket,2023-11-02,Guard,India,32,19,17,Loss
Player_30,Storm,Football,2023-11-03,Forward,USA,23,4,31,Draw
Player_3,Falcons,Cricket,2023-11-04,Bowler,Germany,74,13,53,Draw
Player_26,Panthers,Basketball,2023-11-05,Guard,USA,71,15,67,Loss
Player_22,Hawks,Cricket,2023-11-06,Goalkeeper,USA,35,17,45,Win
Player_46,Blazers,Cricket,2023-11-07,Goalkeeper,UK,37,6,78,Draw
Player_27,Titans,Basketball,2023-11-08,Goalkeeper,UK,83,9,86,Draw
Player_39,Storm,Basketball,2023-11-09,Midfielder,USA,98,6,102,Win
Player_9,Panthers,Cricket,2023-11-10,Guard,Australia,88,0,40,Win
Player_31,Hawks,Basketball,2023-11-11,Guard,Germany,98,18,56,Draw
Player_42,Titans,Basketball,2023-11-12,Goalkeeper,UK,24,15,64,Draw
Player_29,Storm,Cricket,2023-11-13,Forward,UK,92,18,89,Win
Player_18,Titans,Cricket,2023-11-14,Guard,Australia,17,3,115,Loss
Player_10,Warriors,Football,2023-11-15,Goalkeeper,Australia,81,17,71,Loss
Player_24,Panthers,Cricket,2023-11-16,Bowler,USA,65,1,39,Win
Player_14,Panthers,Cricket,2023-11-17,Bowler,Australia,53,0,64,Loss
Player_2,Panthers,Football,2023-11-18,Goalkeeper,India,34,14,25,Win
Player_8,Warriors,Football,2023-11-19,Batsman,Germany,79,4,21,Draw
Player_22,Blazers,Basketball,2023-11-20,Forward,UK,60,19,26,Draw
Player_35,Hawks,Football,2023-11-21,Batsman,UK,40,10,25,Draw
Player_11,Panthers,Basketball,2023-11-22,Forward,Germany,99,9,21,Loss
Player_14,Panthers,Basketball,2023-11-23,Goalkeeper,India,32,1,17,Win
Player_33,Titans,Basketball,2023-11-24,Bowler,Germany,67,2,93,Win
Player_33,Blazers,Basketball,2023-11-25,Guard,Germany,32,11,12,Win
Player_10,Dragons,Basketball,2023-11-26,Goalkeeper,UK,13,19,25,Win
Player_48,Storm,Basketball,2023-11-27,Goalkeeper,USA,20,4,39,Win
Player_27,Hawks,Football,2023-11-28,Guard,Australia,47,4,118,Draw
Player_44,Dragons,Cricket,2023-11-29,Bowler,UK,19,5,32,Draw
Player_20,Panthers,Football,2023-11-30,Midfielder,India,7,8,101,Loss
Player_22,Hawks,Cricket,2023-12-01,Bowler,India,6,1,113,Draw
Player_23,Hawks,Football,2023-12-02,Batsman,Germany,66,11,14,Win
Player_7,Storm,Cricket,2023-12-03,Bowler,USA,16,2,93,Loss
Player_3,Titans,Cricket,2023-12-04,Guard,Germany,32,19,113,Loss
Player_19,Dragons,Football,2023-12-05,Guard,India,47,11,117,Draw
Player_31,Blazers,Cricket,2023-12-06,Guard,Germany,75,16,74,Loss
Player_39,Falcons,Cricket,2023-12-07,Forward,USA,58,9,39,Draw
Player_46,Hawks,Football,2023-12-08,Goalkeeper,India,85,13,30,Win
Player_11,Falcons,Cricket,2023-12-09,Guard,Brazil,21,16,93,Loss
Player_1,Storm,Basketball,2023-12-10,Bowler,Brazil,29,17,79,Draw
Player_3,Hawks,Cricket,2023-12-11,Batsman,Brazil,37,18,31,Loss
Player_8,Storm,Football,2023-12-12,Batsman,UK,50,16,91,Loss
Player_4,Panthers,Football,2023-12-13,Forward,UK,53,13,81,Draw
Player_5,Falcons,Football,2023-12-14,Batsman,Australia,7,8,112,Draw
Player_40,Hawks,Football,2023-12-15,Forward,UK,26,7,41,Win
Player_38,Falcons,Basketball,2023-12-16,Midfielder,Brazil,26,1,42,Loss
Player_45,Warriors,Basketball,2023-12-17,Guard,Brazil,97,12,25,Win
Player_2,Storm,Basketball,2023-12-18,Bowler,Australia,20,6,85,Loss
Player_21,Blazers,Basketball,2023-12-19,Forward,USA,29,8,47,Win
Player_6,Storm,Football,2023-12-20,Midfielder,Germany,96,10,107,Loss
Player_16,Falcons,Football,2023-12-21,Guard,Australia,27,13,23,Draw
Player_23,Dragons,Football,2023-12-22,Goalkeeper,India,63,3,45,Win
Player_34,Falcons,Football,2023-12-23,Batsman,Germany,96,12,106,Loss
Player_3,Titans,Cricket,2023-12-24,Batsman,USA,68,1,32,Win
Player_27,Storm,Basketball,2023-12-25,Midfielder,India,60,4,118,Win
Player_37,Blazers,Basketball,2023-12-26,Guard,Australia,47,10,75,Loss
Player_14,Panthers,Football,2023-12-27,Goalkeeper,USA,18,5,114,Win
Player_18,Panthers,Football,2023-12-28,Goalkeeper,USA,3,17,94,Draw
Player_10,Dragons,Cricket,2023-12-29,Bowler,India,34,9,11,Draw
Player_14,Blazers,Football,2023-12-30,Forward,India,63,3,100,Draw
Player_1,Dragons,Cricket,2023-12-31,Guard,Germany,48,8,82,Loss
Player_13,Falcons,Basketball,2024-01-01,Goalkeeper,USA,16,5,74,Loss
Player_28,Blazers,Football,2024-01-02,Guard,Australia,43,1,84,Loss
Player_30,Falcons,Football,2024-01-03,Bowler,Germany,91,16,76,Loss
Player_35,Hawks,Cricket,2024-01-04,Bowler,USA,29,4,61,Draw
Player_43,Blazers,Cricket,2024-01-05,Forward,USA,92,5,71,Draw
Player_6,Dragons,Basketball,2024-01-06,Goalkeeper,UK,45,11,32,Win
Player_22,Blazers,Football,2024-01-07,Batsman,Australia,5,9,35,Draw
Player_8,Warriors,Basketball,2024-01-08,Guard,India,98,5,77,Loss
Player_2,Storm,Basketball,2024-01-09,Batsman,Germany,36,7,91,Loss
Player_23,Warriors,Cricket,2024-01-10,Guard,UK,23,1,64,Loss
Player_39,Dragons,Basketball,2024-01-11,Guard,UK,92,11,15,Loss
Player_26,Dragons,Basketball,2024-01-12,Forward,UK,45,12,44,Loss
Player_9,Falcons,Cricket,2024-01-13,Midfielder,India,52,6,31,Loss
Player_5,Storm,Basketball,2024-01-14,Goalkeeper,India,94,9,52,Win
Player_36,Titans,Cricket,2024-01-15,Bowler,Germany,98,12,24,Win
Player_12,Dragons,Cricket,2024-01-16,Guard,UK,59,16,95,Win
Player_8,Blazers,Cricket,2024-01-17,Guard,USA,96,13,69,Loss
Player_36,Storm,Football,2024-01-18,Bowler,Brazil,62,1,110,Draw
Player_6,Hawks,Cricket,2024-01-19,Forward,Brazil,84,10,115,Draw
Player_6,Blazers,Football,2024-01-20,Bowler,UK,31,0,21,Loss
Player_26,Dragons,Basketball,2024-01-21,Midfielder,UK,86,18,58,Loss
Player_5,Blazers,Cricket,2024-01-22,Forward,India,32,3,51,Draw
Player_49,Blazers,Basketball,2024-01-23,Batsman,Brazil,66,18,47,Loss
Player_14,Titans,Basketball,2024-01-24,Bowler,India,17,10,91,Loss
Player_26,Hawks,Basketball,2024-01-25,Bowler,Germany,24,7,54,Win
Player_19,Hawks,Basketball,2024-01-26,Goalkeeper,Germany,94,10,44,Win
Player_9,Hawks,Football,2024-01-27,Forward,Brazil,53,3,39,Win
Player_25,Falcons,Basketball,2024-01-28,Batsman,Germany,57,16,97,Win
Player_5,Hawks,Football,2024-01-29,Batsman,India,66,6,115,Draw
Player_20,Blazers,Basketball,2024-01-30,Forward,UK,45,7,39,Draw
Player_39,Hawks,Cricket,2024-01-31,Bowler,Germany,23,2,87,Draw
Player_30,Warriors,Cricket,2024-02-01,Batsman,USA,31,1,15,Loss
Player_43,Hawks,Basketball,2024-02-02,Goalkeeper,Australia,46,14,76,Win
Player_45,Falcons,Basketball,2024-02-03,Goalkeeper,USA,85,4,89,Win
Player_3,Dragons,Cricket,2024-02-04,Goalkeeper,Brazil,22,0,16,Draw
Player_30,Falcons,Basketball,2024-02-05,Forward,Australia,65,3,61,Win
Player_41,Hawks,Cricket,2024-02-06,Forward,India,26,14,23,Loss
Player_30,Storm,Football,2024-02-07,Guard,Germany,1,19,82,Loss
Player_15,Falcons,Football,2024-02-08,Goalkeeper,USA,89,18,24,Draw
Player_33,Dragons,Cricket,2024-02-09,Forward,India,16,2,30,Draw
Player_32,Falcons,Cricket,2024-02-10,Guard,Germany,32,19,44,Loss
Player_3,Blazers,Football,2024-02-11,Batsman,USA,8,10,75,Win
Player_43,Blazers,Football,2024-02-12,Bowler,Brazil,42,16,100,Draw
Player_13,Dragons,Football,2024-02-13,Goalkeeper,USA,47,12,11,Win
Player_18,Panthers,Football,2024-02-14,Guard,Brazil,38,10,44,Win
Player_27,Falcons,Football,2024-02-15,Batsman,USA,92,1,91,Draw
Player_28,Panthers,Football,2024-02-16,Batsman,Brazil,41,8,87,Win
Player_7,Hawks,Cricket,2024-02-17,Forward,Germany,25,1,29,Loss
Player_7,Storm,Cricket,2024-02-18,Goalkeeper,India,98,8,91,Loss
Player_32,Blazers,Football,2024-02-19,Midfielder,USA,49,8,19,Win
Player_3,Storm,Cricket,2024-02-20,Guard,India,24,7,34,Draw
Player_42,Blazers,Basketball,2024-02-21,Midfielder,Brazil,23,16,75,Win
Player_43,Panthers,Football,2024-02-22,Batsman,Germany,12,0,34,Draw
Player_19,Dragons,Cricket,2024-02-23,Bowler,Brazil,59,10,63,Draw
Player_7,Warriors,Football,2024-02-24,Batsman,Australia,6,7,42,Win
Player_27,Panthers,Football,2024-02-25,Goalkeeper,India,56,9,45,Win
Player_27,Titans,Basketball,2024-02-26,Goalkeeper,Brazil,35,6,104,Loss
Player_46,Falcons,Cricket,2024-02-27,Forward,Germany,44,2,23,Win
Player_10,Warriors,Football,2024-02-28,Batsman,Australia,19,2,74,Loss
Player_4,Titans,Football,2024-02-29,Guard,Brazil,64,17,119,Loss
Player_46,Dragons,Basketball,2024-03-01,Batsman,India,7,4,89,Loss
Player_29,Warriors,Cricket,2024-03-02,Batsman,Germany,15,11,63,Draw
Player_24,Blazers,Basketball,2024-03-03,Forward,Brazil,13,11,119,Draw
Player_40,Storm,Football,2024-03-04,Bowler,India,75,18,61,Loss
Player_41,Hawks,Football,2024-03-05,Midfielder,USA,86,5,12,Loss
Player_4,Falcons,Basketball,2024-03-06,Forward,UK,14,1,108,Loss
Player_39,Storm,Basketball,2024-03-07,Forward,India,91,11,50,Draw
Player_49,Panthers,Cricket,2024-03-08,Midfielder,Australia,97,18,15,Draw
Player_6,Storm,Football,2024-03-09,Forward,Brazil,65,4,34,Win
Player_25,Dragons,Basketball,2024-03-10,Goalkeeper,Germany,31,11,22,Loss
Player_23,Falcons,Football,2024-03-11,Bowler,USA,86,16,107,Loss
Player_9,Storm,Basketball,2024-03-12,Batsman,India,62,16,17,Win
Player_16,Panthers,Basketball,2024-03-13,Midfielder,Australia,85,9,30,Loss
Player_29,Storm,Cricket,2024-03-14,Goalkeeper,Germany,50,16,107,Loss
Player_39,Blazers,Basketball,2024-03-15,Forward,Germany,24,14,77,Loss
Player_26,Titans,Cricket,2024-03-16,Midfielder,Germany,57,11,34,Win
Player_24,Titans,Cricket,2024-03-17,Goalkeeper,India,62,15,88,Win
Player_42,Blazers,Football,2024-03-18,Forward,USA,61,18,77,Win
Player_29,Dragons,Football,2024-03-19,Guard,Brazil,21,7,54,Draw
Player_37,Panthers,Basketball,2024-03-20,Midfielder,India,57,16,69,Win
Player_8,Blazers,Cricket,2024-03-21,Bowler,UK,57,4,21,Win
Player_39,Panthers,Football,2024-03-22,Batsman,Australia,85,15,41,Win
Player_35,Hawks,Basketball,2024-03-23,Guard,Germany,48,5,105,Win
Player_14,Falcons,Basketball,2024-03-24,Bowler,Germany,51,7,101,Win
Player_1,Storm,Basketball,2024-03-25,Guard,Germany,41,17,22,Loss
Player_42,Warriors,Football,2024-03-26,Guard,Australia,69,11,40,Loss
Player_41,Hawks,Football,2024-03-27,Goalkeeper,Germany,14,14,87,Draw
Player_18,Dragons,Football,2024-03-28,Bowler,UK,53,8,29,Loss
Player_47,Warriors,Football,2024-03-29,Guard,Brazil,59,12,27,Win
Player_38,Storm,Cricket,2024-03-30,Batsman,Brazil,96,14,102,Draw
Player_6,Storm,Basketball,2024-03-31,Goalkeeper,UK,7,9,69,Draw
Player_15,Titans,Basketball,2024-04-01,Forward,Australia,52,15,72,Draw
Player_17,Warriors,Basketball,2024-04-02,Bowler,USA,59,6,15,Loss
Player_23,Falcons,Cricket,2024-04-03,Batsman,USA,4,16,41,Loss
Player_18,Blazers,Basketball,2024-04-04,Guard,USA,67,6,102,Draw
Player_48,Falcons,Football,2024-04-05,Bowler,India,5,13,52,Win
Player_46,Falcons,Football,2024-04-06,Batsman,India,95,14,11,Loss
Player_24,Hawks,Cricket,2024-04-07,Goalkeeper,India,93,6,69,Loss
Player_15,Falcons,Basketball,2024-04-08,Bowler,Brazil,46,8,32,Draw
Player_38,Hawks,Cricket,2024-04-09,Batsman,Germany,98,18,92,Win
Player_43,Panthers,Basketball,2024-04-10,Guard,Australia,54,15,40,Loss
Player_50,Dragons,Cricket,2024-04-11,Midfielder,India,39,7,14,Win
Player_48,Storm,Cricket,2024-04-12,Bowler,Germany,51,17,92,Win
Player_47,Blazers,Cricket,2024-04-13,Guard,Germany,15,17,43,Win
Player_43,Blazers,Football,2024-04-14,Goalkeeper,USA,12,19,19,Draw
Player_9,Panthers,Football,2024-04-15,Bowler,Brazil,29,6,98,Loss
Player_30,Panthers,Football,2024-04-16,Forward,USA,18,2,11,Win
Player_42,Hawks,Basketball,2024-04-17,Forward,Australia,16,17,20,Draw
Player_36,Warriors,Basketball,2024-04-18,Midfielder,UK,62,9,59,Draw
Player_16,Warriors,Cricket,2024-04-19,Forward,Australia,18,6,40,Win
Player_32,Blazers,Football,2024-04-20,Batsman,India,91,16,65,Draw
Player_42,Blazers,Cricket,2024-04-21,Goalkeeper,Brazil,57,13,88,Draw
Player_28,Warriors,Cricket,2024-04-22,Goalkeeper,Germany,54,2,82,Loss
Player_1,Blazers,Cricket,2024-04-23,Midfielder,Germany,89,11,96,Draw
Player_30,Titans,Cricket,2024-04-24,Forward,India,89,12,92,Loss
Player_31,Hawks,Football,2024-04-25,Batsman,India,61,1,18,Win
Player_42,Blazers,Basketball,2024-04-26,Goalkeeper,Australia,22,2,108,Draw
Player_14,Storm,Cricket,2024-04-27,Batsman,USA,8,4,30,Loss
Player_35,Falcons,Cricket,2024-04-28,Midfielder,Germany,11,10,82,Draw
Player_8,Blazers,Football,2024-04-29,Goalkeeper,India,0,7,37,Win
Player_11,Dragons,Football,2024-04-30,Goalkeeper,Germany,57,11,71,Draw
Player_19,Titans,Cricket,2024-05-01,Batsman,UK,0,6,119,Loss
Player_43,Titans,Basketball,2024-05-02,Goalkeeper,Australia,33,14,16,Draw
Player_22,Falcons,Basketball,2024-05-03,Goalkeeper,USA,95,16,89,Win
Player_12,Warriors,Football,2024-05-04,Bowler,UK,47,3,25,Loss
Player_40,Hawks,Cricket,2024-05-05,Guard,UK,88,12,106,Win
Player_40,Hawks,Cricket,2024-05-06,Bowler,India,0,17,13,Loss
Player_35,Warriors,Basketball,2024-05-07,Forward,India,15,0,13,Loss
Player_14,Warriors,Cricket,2024-05-08,Goalkeeper,Germany,60,15,112,Draw
Player_34,Dragons,Cricket,2024-05-09,Batsman,Germany,63,12,49,Win
Player_50,Falcons,Cricket,2024-05-10,Midfielder,Brazil,62,9,26,Draw
Player_3,Hawks,Football,2024-05-11,Guard,Brazil,68,11,110,Draw
Player_14,Blazers,Cricket,2024-05-12,Batsman,Brazil,21,1,112,Draw
Player_23,Warriors,Football,2024-05-13,Forward,Brazil,92,2,61,Draw
Player_47,Panthers,Cricket,2024-05-14,Guard,India,66,9,102,Draw
Player_16,Titans,Basketball,2024-05-15,Midfielder,India,75,1,61,Draw
Player_21,Titans,Football,2024-05-16,Guard,Germany,25,12,45,Win
Player_11,Titans,Basketball,2024-05-17,Bowler,Brazil,15,12,47,Win
Player_33,Hawks,Basketball,2024-05-18,Goalkeeper,UK,50,17,112,Win
Player_10,Falcons,Cricket,2024-05-19,Batsman,Brazil,85,2,59,Draw
Player_9,Blazers,Cricket,2024-05-20,Bowler,India,56,6,72,Win
Player_41,Storm,Cricket,2024-05-21,Batsman,Brazil,28,13,110,Loss
Player_9,Panthers,Basketball,2024-05-22,Forward,UK,77,19,72,Loss
Player_2,Storm,Basketball,2024-05-23,Guard,Germany,91,16,71,Loss
Player_48,Blazers,Cricket,2024-05-24,Guard,UK,68,11,108,Loss
Player_2,Warriors,Basketball,2024-05-25,Guard,India,46,15,16,Win
Player_32,Blazers,Cricket,2024-05-26,Bowler,Brazil,93,11,36,Loss
Player_22,Titans,Football,2024-05-27,Bowler,India,61,14,101,Loss
Player_43,Storm,Football,2024-05-28,Bowler,Germany,68,9,95,Win
Player_36,Panthers,Cricket,2024-05-29,Forward,Brazil,75,6,23,Loss
Player_35,Hawks,Football,2024-05-30,Guard,India,15,19,80,Loss
Player_34,Storm,Football,2024-05-31,Forward,USA,89,4,110,Loss
Player_32,Warriors,Football,2024-06-01,Guard,India,89,0,95,Draw
Player_7,Warriors,Cricket,2024-06-02,Batsman,Brazil,47,16,14,Draw
Player_31,Falcons,Cricket,2024-06-03,Midfielder,Brazil,84,2,64,Loss
Player_8,Hawks,Basketball,2024-06-04,Midfielder,Germany,38,12,11,Win
Player_42,Falcons,Cricket,2024-06-05,Bowler,India,99,13,71,Win
Player_32,Dragons,Basketball,2024-06-06,Goalkeeper,USA,32,17,100,Win
Player_21,Hawks,Cricket,2024-06-07,Bowler,Germany,93,3,30,Win
Player_2,Falcons,Cricket,2024-06-08,Bowler,India,22,17,111,Loss
Player_42,Dragons,Cricket,2024-06-09,Guard,UK,9,4,88,Loss
Player_26,Storm,Cricket,2024-06-10,Goalkeeper,UK,68,15,30,Draw
Player_36,Dragons,Cricket,2024-06-11,Batsman,USA,99,0,19,Win
Player_15,Falcons,Cricket,2024-06-12,Forward,India,33,13,96,Loss
Player_12,Dragons,Football,2024-06-13,Batsman,UK,51,14,67,Win
Player_16,Blazers,Cricket,2024-06-14,Bowler,Germany,94,8,48,Win
Player_4,Storm,Cricket,2024-06-15,Guard,Brazil,9,14,14,Loss
Player_25,Dragons,Cricket,2024-06-16,Midfielder,Australia,18,16,74,Win
Player_8,Storm,Football,2024-06-17,Guard,India,57,3,22,Win
Player_14,Falcons,Cricket,2024-06-18,Guard,Germany,95,11,94,Draw
Player_44,Hawks,Basketball,2024-06-19,Bowler,Australia,0,4,99,Loss
Player_37,Dragons,Football,2024-06-20,Guard,USA,68,4,118,Win
Player_25,Hawks,Cricket,2024-06-21,Bowler,UK,3,10,94,Loss
Player_46,Storm,Basketball,2024-06-22,Midfielder,Australia,15,5,62,Draw
Player_8,Panthers,Football,2024-06-23,Forward,UK,23,6,91,Loss
Player_8,Warriors,Football,2024-06-24,Bowler,USA,79,13,110,Loss
Player_12,Falcons,Football,2024-06-25,Goalkeeper,UK,1,10,54,Draw
Player_49,Warriors,Basketball,2024-06-26,Guard,India,91,12,41,Draw
Player_8,Dragons,Cricket,2024-06-27,Forward,UK,31,1,45,Draw
Player_45,Dragons,Football,2024-06-28,Batsman,Brazil,90,6,90,Win
Player_44,Blazers,Basketball,2024-06-29,Goalkeeper,USA,83,19,108,Win
Player_14,Blazers,Football,2024-06-30,Guard,UK,23,3,69,Draw
Player_43,Storm,Football,2024-07-01,Midfielder,Germany,11,7,20,Win
Player_35,Hawks,Football,2024-07-02,Forward,UK,49,19,72,Loss
Player_43,Warriors,Basketball,2024-07-03,Goalkeeper,Germany,34,18,30,Win
Player_28,Blazers,Cricket,2024-07-04,Batsman,India,32,12,61,Draw
Player_38,Blazers,Basketball,2024-07-05,Bowler,Brazil,32,13,64,Loss
Player_45,Warriors,Football,2024-07-06,Batsman,USA,60,9,35,Draw
Player_47,Titans,Football,2024-07-07,Batsman,Germany,50,10,77,Draw
Player_19,Blazers,Cricket,2024-07-08,Midfielder,USA,42,1,43,Win
Player_36,Titans,Cricket,2024-07-09,Batsman,Australia,11,8,61,Win
Player_28,Warriors,Football,2024-07-10,Batsman,Brazil,66,16,91,Win
Player_38,Panthers,Basketball,2024-07-11,Goalkeeper,Brazil,64,2,113,Loss
Player_25,Dragons,Basketball,2024-07-12,Goalkeeper,USA,32,5,108,Draw
Player_20,Panthers,Football,2024-07-13,Bowler,India,39,4,114,Win
Player_15,Titans,Football,2024-07-14,Goalkeeper,Brazil,73,4,102,Draw
Player_4,Warriors,Basketball,2024-07-15,Guard,USA,42,14,61,Draw
Player_47,Warriors,Football,2024-07-16,Midfielder,Australia,43,16,38,Loss
Player_37,Hawks,Football,2024-07-17,Guard,Germany,28,8,47,Loss
Player_15,Hawks,Basketball,2024-07-18,Forward,Australia,12,2,51,Draw
Player_38,Warriors,Cricket,2024-07-19,Guard,Australia,11,19,30,Draw
Player_1,Titans,Football,2024-07-20,Forward,USA,94,16,51,Win
Player_5,Titans,Cricket,2024-07-21,Bowler,Brazil,45,9,22,Draw
Player_19,Warriors,Football,2024-07-22,Batsman,UK,1,2,114,Draw
Player_19,Titans,Basketball,2024-07-23,Forward,Australia,34,17,73,Win
Player_29,Panthers,Football,2024-07-24,Forward,USA,86,17,26,Loss
Player_29,Storm,Football,2024-07-25,Guard,Australia,80,16,18,Win
Player_14,Warriors,Cricket,2024-07-26,Midfielder,Brazil,89,2,50,Win
Player_14,Storm,Basketball,2024-07-27,Bowler,India,7,2,10,Win
Player_8,Hawks,Basketball,2024-07-28,Batsman,India,92,5,11,Draw
Player_8,Dragons,Basketball,2024-07-29,Guard,Australia,25,12,69,Draw
Player_9,Hawks,Basketball,2024-07-30,Goalkeeper,Australia,73,14,57,Win
Player_27,Storm,Basketball,2024-07-31,Midfielder,Germany,89,8,38,Draw
Player_35,Panthers,Basketball,2024-08-01,Guard,Brazil,33,3,106,Loss
Player_18,Panthers,Basketball,2024-08-02,Midfielder,USA,6,13,19,Draw
Player_50,Panthers,Football,2024-08-03,Forward,Australia,67,4,67,Win
Player_48,Dragons,Football,2024-08-04,Goalkeeper,UK,57,1,69,Draw
Player_4,Storm,Cricket,2024-08-05,Goalkeeper,UK,74,10,113,Draw
Player_41,Titans,Football,2024-08-06,Guard,India,28,8,30,Draw
Player_3,Hawks,Basketball,2024-08-07,Guard,UK,35,2,37,Draw
Player_19,Panthers,Football,2024-08-08,Batsman,Germany,88,8,84,Draw
Player_44,Falcons,Basketball,2024-08-09,Guard,UK,20,2,43,Win
Player_20,Panthers,Cricket,2024-08-10,Bowler,USA,35,1,17,Win
Player_40,Warriors,Basketball,2024-08-11,Guard,UK,9,11,68,Draw
Player_13,Hawks,Cricket,2024-08-12,Batsman,USA,72,9,95,Draw
Player_12,Hawks,Cricket,2024-08-13,Forward,Brazil,23,8,81,Loss
Player_1,Warriors,Football,2024-08-14,Batsman,USA,63,14,58,Win
Player_4,Dragons,Basketball,2024-08-15,Guard,Brazil,98,7,88,Draw
Player_18,Storm,Cricket,2024-08-16,Bowler,UK,48,4,26,Win
Player_39,Falcons,Cricket,2024-08-17,Batsman,USA,98,10,69,Win
Player_31,Falcons,Football,2024-08-18,Goalkeeper,USA,35,1,96,Win
Player_11,Panthers,Cricket,2024-08-19,Forward,Australia,81,14,97,Win
Player_49,Warriors,Cricket,2024-08-20,Guard,Brazil,95,5,54,Draw
Player_18,Blazers,Cricket,2024-08-21,Forward,India,23,7,92,Draw
Player_37,Dragons,Football,2024-08-22,Bowler,Brazil,22,4,78,Win
Player_19,Storm,Cricket,2024-08-23,Midfielder,India,61,15,41,Loss
Player_6,Panthers,Cricket,2024-08-24,Guard,Australia,95,17,53,Loss
Player_44,Storm,Football,2024-08-25,Midfielder,Germany,36,5,74,Draw
Player_48,Falcons,Basketball,2024-08-26,Midfielder,Australia,11,4,96,Loss
Player_1,Panthers,Basketball,2024-08-27,Guard,India,54,15,110,Loss
Player_49,Storm,Basketball,2024-08-28,Guard,UK,12,12,17,Loss
Player_10,Hawks,Basketball,2024-08-29,Goalkeeper,India,22,4,86,Loss
Player_12,Hawks,Cricket,2024-08-30,Goalkeeper,India,88,12,81,Draw
Player_24,Panthers,Basketball,2024-08-31,Batsman,USA,98,16,96,Win
Player_45,Panthers,Cricket,2024-09-01,Batsman,Australia,29,17,52,Draw
Player_4,Warriors,Cricket,2024-09-02,Midfielder,USA,16,7,10,Win
Player_24,Falcons,Football,2024-09-03,Forward,UK,61,12,118,Win
Player_14,Titans,Cricket,2024-09-04,Midfielder,Germany,83,18,60,Loss
Player_31,Panthers,Football,2024-09-05,Batsman,USA,88,2,33,Win
Player_15,Titans,Cricket,2024-09-06,Forward,UK,85,7,108,Draw
Player_2,Storm,Cricket,2024-09-07,Batsman,USA,12,1,33,Draw
Player_21,Storm,Football,2024-09-08,Midfielder,UK,58,7,26,Loss
Player_37,Storm,Basketball,2024-09-09,Goalkeeper,Australia,18,12,14,Loss
Player_14,Hawks,Basketball,2024-09-10,Guard,Germany,48,12,29,Win
Player_10,Storm,Cricket,2024-09-11,Guard,UK,99,0,30,Loss
Player_42,Warriors,Cricket,2024-09-12,Goalkeeper,India,11,5,113,Draw
Player_27,Storm,Basketball,2024-09-13,Goalkeeper,USA,60,18,67,Win
Player_27,Storm,Cricket,2024-09-14,Midfielder,Brazil,18,15,40,Draw
Player_21,Panthers,Basketball,2024-09-15,Forward,Australia,75,7,119,Loss
Player_45,Warriors,Football,2024-09-16,Goalkeeper,UK,8,0,109,Win
Player_28,Panthers,Football,2024-09-17,Goalkeeper,USA,70,15,20,Draw
Player_42,Titans,Cricket,2024-09-18,Midfielder,Germany,27,8,61,Draw
Player_16,Falcons,Cricket,2024-09-19,Batsman,India,77,12,24,Win
Player_44,Dragons,Cricket,2024-09-20,Goalkeeper,USA,94,10,92,Draw
Player_28,Panthers,Cricket,2024-09-21,Guard,Brazil,51,12,16,Draw
Player_10,Titans,Football,2024-09-22,Forward,UK,82,9,37,Loss
Player_38,Falcons,Football,2024-09-23,Bowler,Australia,15,3,60,Loss
Player_41,Dragons,Basketball,2024-09-24,Bowler,Australia,68,5,116,Win
Player_34,Storm,Cricket,2024-09-25,Forward,Brazil,98,6,67,Loss
Player_8,Falcons,Football,2024-09-26,Guard,Germany,11,4,14,Loss
Player_23,Hawks,Football,2024-09-27,Forward,Brazil,24,10,14,Loss
Player_40,Falcons,Basketball,2024-09-28,Goalkeeper,Germany,51,12,103,Draw
Player_22,Falcons,Basketball,2024-09-29,Guard,Brazil,84,18,105,Draw
Player_9,Warriors,Football,2024-09-30,Guard,India,99,9,17,Draw
Player_17,Warriors,Football,2024-10-01,Batsman,Germany,52,9,73,Win
Player_38,Falcons,Basketball,2024-10-02,Midfielder,India,22,10,19,Win
Player_44,Warriors,Cricket,2024-10-03,Batsman,UK,15,6,47,Draw
Player_15,Blazers,Cricket,2024-10-04,Batsman,Australia,56,17,105,Draw
Player_37,Blazers,Football,2024-10-05,Bowler,Germany,38,3,101,Win
Player_34,Titans,Football,2024-10-06,Goalkeeper,Brazil,52,1,90,Win
Player_6,Titans,Basketball,2024-10-07,Midfielder,India,41,13,104,Win
Player_46,Hawks,Cricket,2024-10-08,Guard,Germany,57,12,17,Loss
Player_26,Dragons,Cricket,2024-10-09,Midfielder,Brazil,38,11,113,Draw
Player_16,Storm,Cricket,2024-10-10,Batsman,UK,13,6,34,Draw
Player_19,Warriors,Basketball,2024-10-11,Guard,USA,94,1,82,Loss
Player_49,Blazers,Cricket,2024-10-12,Batsman,India,4,12,75,Win
Player_2,Hawks,Football,2024-10-13,Batsman,Brazil,34,13,88,Win
Player_22,Titans,Football,2024-10-14,Midfielder,Germany,86,16,59,Loss
Player_6,Dragons,Football,2024-10-15,Batsman,USA,92,8,76,Loss
Player_45,Warriors,Basketball,2024-10-16,Guard,UK,74,16,58,Win
Player_44,Titans,Football,2024-10-17,Forward,India,17,7,45,Loss
Player_36,Storm,Football,2024-10-18,Midfielder,USA,75,1,77,Loss
Player_20,Titans,Cricket,2024-10-19,Forward,India,8,12,87,Win
Player_5,Blazers,Cricket,2024-10-20,Bowler,UK,73,2,114,Loss
Player_15,Hawks,Football,2024-10-21,Batsman,USA,57,15,50,Loss
Player_31,Falcons,Basketball,2024-10-22,Guard,UK,16,5,98,Loss
Player_16,Titans,Cricket,2024-10-23,Goalkeeper,Australia,6,18,71,Win
Player_19,Blazers,Football,2024-10-24,Forward,Brazil,45,6,19,Draw
Player_14,Falcons,Football,2024-10-25,Goalkeeper,Germany,12,9,30,Draw
Player_22,Dragons,Cricket,2024-10-26,Midfielder,Brazil,39,8,45,Loss
Player_14,Dragons,Basketball,2024-10-27,Batsman,USA,41,1,21,Win
Player_8,Dragons,Basketball,2024-10-28,Midfielder,UK,8,14,100,Loss
Player_19,Hawks,Football,2024-10-29,Goalkeeper,Australia,49,4,113,Draw
Player_43,Hawks,Cricket,2024-10-30,Forward,Australia,26,3,11,Win
Player_34,Dragons,Football,2024-10-31,Goalkeeper,USA,65,19,22,Draw
Player_39,Titans,Basketball,2024-11-01,Batsman,India,4,3,62,Win
Player_12,Blazers,Football,2024-11-02,Guard,USA,28,17,41,Win
Player_32,Dragons,Cricket,2024-11-03,Forward,Brazil,36,3,104,Draw
Player_9,Falcons,Football,2024-11-04,Midfielder,Australia,37,16,25,Draw
Player_36,Storm,Cricket,2024-11-05,Bowler,Australia,82,11,41,Draw
Player_50,Blazers,Cricket,2024-11-06,Forward,Brazil,7,16,41,Draw
Player_45,Warriors,Cricket,2024-11-07,Guard,Germany,64,9,107,Draw
Player_28,Warriors,Cricket,2024-11-08,Batsman,Brazil,85,0,20,Win
Player_7,Hawks,Cricket,2024-11-09,Bowler,USA,16,17,19,Draw
Player_33,Storm,Basketball,2024-11-10,Batsman,Germany,70,17,24,Draw
Player_30,Storm,Football,2024-11-11,Midfielder,USA,88,13,26,Draw
Player_47,Panthers,Cricket,2024-11-12,Midfielder,Germany,44,14,49,Win
Player_34,Panthers,Basketball,2024-11-13,Forward,Brazil,3,11,27,Loss
Player_10,Falcons,Cricket,2024-11-14,Midfielder,Germany,35,3,64,Draw
Player_8,Titans,Basketball,2024-11-15,Bowler,UK,69,2,82,Win
Player_4,Falcons,Football,2024-11-16,Bowler,USA,30,19,34,Draw
Player_42,Hawks,Football,2024-11-17,Midfielder,Germany,18,11,113,Win
Player_6,Dragons,Football,2024-11-18,Midfielder,UK,60,6,68,Draw
Player_47,Panthers,Cricket,2024-11-19,Midfielder,USA,53,10,87,Loss
Player_13,Blazers,Cricket,2024-11-20,Goalkeeper,USA,38,0,98,Win
Player_31,Falcons,Football,2024-11-21,Batsman,Brazil,90,5,31,Win
Player_43,Panthers,Football,2024-11-22,Batsman,USA,73,14,39,Win
Player_12,Titans,Cricket,2024-11-23,Batsman,UK,89,14,93,Draw
Player_39,Panthers,Football,2024-11-24,Forward,USA,18,18,94,Draw
Player_38,Warriors,Basketball,2024-11-25,Goalkeeper,UK,38,10,53,Loss
Player_40,Titans,Basketball,2024-11-26,Batsman,UK,66,1,41,Loss
Player_48,Warriors,Cricket,2024-11-27,Midfielder,USA,44,13,60,Draw
Player_19,Hawks,Football,2024-11-28,Goalkeeper,UK,12,1,55,Loss
Player_6,Titans,Basketball,2024-11-29,Goalkeeper,Australia,91,3,30,Loss
Player_14,Storm,Basketball,2024-11-30,Bowler,Germany,57,16,108,Draw
Player_25,Warriors,Cricket,2024-12-01,Bowler,USA,19,2,41,Loss
Player_25,Storm,Football,2024-12-02,Guard,Germany,91,12,103,Win
Player_45,Panthers,Cricket,2024-12-03,Goalkeeper,Germany,71,8,48,Win
Player_37,Blazers,Basketball,2024-12-04,Bowler,India,60,6,21,Draw
Player_12,Storm,Cricket,2024-12-05,Batsman,USA,38,14,114,Draw
Player_26,Blazers,Basketball,2024-12-06,Guard,Australia,0,10,56,Draw
Player_37,Panthers,Cricket,2024-12-07,Guard,UK,2,19,27,Loss
Player_17,Blazers,Cricket,2024-12-08,Midfielder,Germany,76,1,30,Loss
Player_16,Warriors,Football,2024-12-09,Batsman,USA,91,14,22,Loss
Player_9,Panthers,Basketball,2024-12-10,Forward,Australia,61,13,30,Loss
Player_27,Warriors,Basketball,2024-12-11,Bowler,USA,62,19,17,Draw
Player_34,Falcons,Basketball,2024-12-12,Batsman,UK,24,10,55,Draw
Player_35,Blazers,Cricket,2024-12-13,Forward,India,55,2,113,Draw
Player_33,Dragons,Football,2024-12-14,Goalkeeper,Australia,32,16,119,Win
Player_45,Storm,Cricket,2024-12-15,Midfielder,Germany,37,11,16,Win
Player_13,Warriors,Basketball,2024-12-16,Midfielder,India,5,14,32,Win
Player_43,Titans,Football,2024-12-17,Goalkeeper,India,57,15,117,Draw
Player_23,Panthers,Cricket,2024-12-18,Batsman,India,43,4,105,Loss
Player_14,Storm,Football,2024-12-19,Batsman,Brazil,44,19,84,Draw
Player_45,Storm,Basketball,2024-12-20,Midfielder,Australia,31,5,95,Draw
Player_6,Hawks,Football,2024-12-21,Midfielder,UK,44,18,31,Loss
Player_15,Storm,Football,2024-12-22,Forward,India,60,4,116,Loss
Player_34,Blazers,Cricket,2024-12-23,Goalkeeper,UK,46,2,98,Win
Player_29,Falcons,Cricket,2024-12-24,Midfielder,Germany,20,0,31,Draw
Player_6,Blazers,Football,2024-12-25,Batsman,Brazil,79,5,101,Draw
Player_38,Dragons,Football,2024-12-26,Midfielder,India,84,14,38,Win
Player_49,Falcons,Cricket,2024-12-27,Forward,UK,74,1,22,Loss
Player_9,Panthers,Cricket,2024-12-28,Goalkeeper,UK,35,2,91,Loss
Player_4,Blazers,Football,2024-12-29,Midfielder,Australia,98,16,11,Loss
Player_1,Warriors,Basketball,2024-12-30,Forward,USA,18,11,38,Win
Player_43,Hawks,Basketball,2024-12-31,Guard,Germany,19,17,94,Draw
Player_25,Warriors,Basketball,2025-01-01,Batsman,Brazil,56,14,88,Win
Player_5,Dragons,Basketball,2025-01-02,Goalkeeper,UK,17,11,61,Loss
Player_4,Hawks,Cricket,2025-01-03,Bowler,India,46,15,36,Loss
Player_11,Blazers,Cricket,2025-01-04,Guard,Germany,48,7,59,Win
Player_21,Dragons,Basketball,2025-01-05,Bowler,Brazil,13,13,104,Draw
Player_5,Storm,Football,2025-01-06,Goalkeeper,India,14,16,88,Loss
Player_40,Warriors,Basketball,2025-01-07,Midfielder,UK,30,7,32,Draw
Player_34,Dragons,Basketball,2025-01-08,Forward,Brazil,0,14,97,Win
Player_18,Blazers,Football,2025-01-09,Midfielder,India,53,13,53,Win
Player_37,Blazers,Football,2025-01-10,Goalkeeper,USA,2,17,86,Win
Player_48,Titans,Basketball,2025-01-11,Goalkeeper,Germany,15,19,31,Loss
Player_47,Falcons,Football,2025-01-12,Guard,India,86,6,52,Draw
Player_35,Dragons,Football,2025-01-13,Guard,Australia,56,2,46,Draw
Player_10,Panthers,Cricket,2025-01-14,Midfielder,Germany,74,11,70,Draw
Player_33,Hawks,Football,2025-01-15,Goalkeeper,USA,11,2,106,Draw
Player_24,Storm,Cricket,2025-01-16,Goalkeeper,Germany,73,19,65,Win
Player_6,Titans,Basketball,2025-01-17,Goalkeeper,India,95,13,12,Win
Player_45,Warriors,Cricket,2025-01-18,Goalkeeper,Germany,15,14,72,Draw
Player_24,Titans,Basketball,2025-01-19,Batsman,India,71,13,28,Draw
Player_19,Blazers,Cricket,2025-01-20,Forward,Germany,75,6,32,Loss
Player_21,Hawks,Cricket,2025-01-21,Batsman,Brazil,23,16,38,Win
Player_17,Storm,Football,2025-01-22,Batsman,India,27,11,39,Win
Player_20,Dragons,Cricket,2025-01-23,Guard,Australia,7,19,48,Win
Player_9,Hawks,Basketball,2025-01-24,Batsman,Germany,91,3,117,Win
Player_18,Falcons,Basketball,2025-01-25,Midfielder,USA,35,8,34,Win
Player_17,Panthers,Football,2025-01-26,Midfielder,UK,89,5,110,Loss
Player_50,Storm,Football,2025-01-27,Midfielder,USA,7,15,17,Loss
Player_16,Storm,Basketball,2025-01-28,Batsman,USA,57,1,115,Loss
Player_20,Storm,Cricket,2025-01-29,Midfielder,Brazil,59,7,67,Draw
Player_7,Storm,Football,2025-01-30,Midfielder,Australia,49,10,25,Loss
Player_36,Hawks,Cricket,2025-01-31,Bowler,Brazil,27,12,81,Win
Player_4,Dragons,Basketball,2025-02-01,Goalkeeper,UK,91,16,10,Win
Player_37,Hawks,Basketball,2025-02-02,Goalkeeper,India,40,7,117,Win
Player_23,Titans,Basketball,2025-02-03,Batsman,Germany,99,17,14,Win
Player_36,Panthers,Basketball,2025-02-04,Forward,Brazil,63,17,12,Loss
Player_43,Titans,Football,2025-02-05,Forward,India,26,13,74,Loss
Player_12,Panthers,Cricket,2025-02-06,Midfielder,India,62,14,13,Win
Player_36,Dragons,Basketball,2025-02-07,Bowler,Brazil,16,5,113,Draw
Player_37,Hawks,Cricket,2025-02-08,Forward,India,72,10,108,Draw
Player_20,Storm,Cricket,2025-02-09,Midfielder,Brazil,32,12,105,Win
Player_37,Hawks,Cricket,2025-02-10,Bowler,Germany,83,0,73,Draw
Player_1,Panthers,Basketball,2025-02-11,Midfielder,USA,76,5,115,Win
Player_2,Hawks,Cricket,2025-02-12,Bowler,UK,91,8,107,Draw
Player_42,Panthers,Basketball,2025-02-13,Batsman,Australia,28,7,116,Win
Player_37,Titans,Cricket,2025-02-14,Guard,Australia,12,10,98,Win
Player_44,Warriors,Basketball,2025-02-15,Midfielder,UK,45,18,19,Loss
Player_41,Blazers,Basketball,2025-02-16,Bowler,Australia,34,8,30,Win
Player_41,Warriors,Basketball,2025-02-17,Bowler,Brazil,5,16,55,Draw
Player_21,Storm,Cricket,2025-02-18,Goalkeeper,Australia,81,11,112,Loss
Player_13,Panthers,Basketball,2025-02-19,Goalkeeper,Germany,68,13,100,Win
Player_29,Blazers,Football,2025-02-20,Guard,India,46,14,36,Loss
Player_33,Warriors,Basketball,2025-02-21,Guard,India,24,15,75,Draw
Player_32,Dragons,Football,2025-02-22,Goalkeeper,India,65,19,50,Draw
Player_18,Titans,Basketball,2025-02-23,Guard,USA,9,0,22,Loss
Player_3,Titans,Cricket,2025-02-24,Forward,Australia,55,9,18,Draw
Player_50,Dragons,Football,2025-02-25,Guard,USA,29,7,45,Loss
Player_13,Hawks,Basketball,2025-02-26,Goalkeeper,Brazil,4,17,95,Win
Player_21,Falcons,Cricket,2025-02-27,Guard,UK,32,0,115,Loss
Player_30,Dragons,Football,2025-02-28,Forward,USA,64,1,99,Win
Player_2,Warriors,Cricket,2025-03-01,Midfielder,UK,17,0,67,Loss
Player_4,Dragons,Cricket,2025-03-02,Midfielder,India,95,0,63,Win
Player_42,Blazers,Football,2025-03-03,Guard,India,48,8,21,Draw
Player_49,Titans,Football,2025-03-04,Guard,Germany,10,12,90,Win
Player_25,Titans,Cricket,2025-03-05,Batsman,Brazil,84,0,87,Loss
Player_25,Storm,Football,2025-03-06,Midfielder,India,25,12,23,Draw
Player_25,Storm,Cricket,2025-03-07,Batsman,India,62,19,43,Win
Player_11,Hawks,Football,2025-03-08,Batsman,Brazil,88,6,62,Loss
Player_43,Warriors,Cricket,2025-03-09,Goalkeeper,Germany,85,1,29,Loss
Player_50,Panthers,Basketball,2025-03-10,Forward,Australia,58,5,84,Loss
Player_18,Storm,Basketball,2025-03-11,Bowler,UK,26,6,25,Loss
Player_34,Dragons,Cricket,2025-03-12,Bowler,USA,48,13,104,Draw
Player_3,Hawks,Basketball,2025-03-13,Batsman,Australia,76,17,79,Draw
Player_13,Storm,Football,2025-03-14,Batsman,Germany,32,14,65,Loss
Player_21,Blazers,Cricket,2025-03-15,Guard,UK,97,1,92,Loss
Player_15,Warriors,Basketball,2025-03-16,Guard,India,98,9,110,Loss
Player_19,Warriors,Football,2025-03-17,Batsman,Brazil,0,11,67,Win
Player_33,Hawks,Football,2025-03-18,Goalkeeper,Australia,20,16,13,Loss
Player_45,Hawks,Football,2025-03-19,Forward,Germany,54,7,13,Draw
Player_48,Falcons,Cricket,2025-03-20,Guard,India,5,10,29,Loss
Player_50,Hawks,Basketball,2025-03-21,Batsman,UK,91,2,19,Loss
Player_21,Hawks,Basketball,2025-03-22,Batsman,USA,80,5,33,Draw
Player_34,Titans,Football,2025-03-23,Goalkeeper,Australia,68,8,108,Win
Player_17,Storm,Basketball,2025-03-24,Bowler,Brazil,94,5,35,Loss
Player_8,Hawks,Cricket,2025-03-25,Bowler,UK,4,8,46,Loss
Player_24,Panthers,Football,2025-03-26,Midfielder,India,2,6,111,Win
Player_32,Panthers,Football,2025-03-27,Guard,UK,52,8,94,Loss
Player_10,Titans,Basketball,2025-03-28,Bowler,Germany,22,17,63,Draw
Player_12,Dragons,Basketball,2025-03-29,Guard,Australia,52,11,113,Loss
Player_50,Panthers,Basketball,2025-03-30,Goalkeeper,USA,36,7,112,Draw
Player_9,Titans,Football,2025-03-31,Goalkeeper,Australia,73,7,30,Draw
Player_15,Hawks,Cricket,2025-04-01,Goalkeeper,Brazil,73,17,83,Loss
Player_8,Panthers,Basketball,2025-04-02,Goalkeeper,Australia,82,19,47,Loss
Player_45,Hawks,Football,2025-04-03,Bowler,USA,16,14,55,Draw
Player_3,Blazers,Basketball,2025-04-04,Batsman,Germany,84,6,13,Win
Player_12,Titans,Basketball,2025-04-05,Batsman,Germany,77,10,69,Win
Player_12,Warriors,Cricket,2025-04-06,Bowler,Australia,72,19,66,Win
Player_32,Falcons,Cricket,2025-04-07,Guard,Australia,0,15,54,Loss
Player_11,Blazers,Basketball,2025-04-08,Batsman,Australia,50,3,29,Win
Player_2,Dragons,Basketball,2025-04-09,Forward,India,44,5,26,Draw
Player_39,Dragons,Cricket,2025-04-10,Bowler,India,76,2,80,Loss
Player_13,Storm,Football,2025-04-11,Bowler,Germany,3,8,13,Draw
Player_47,Dragons,Basketball,2025-04-12,Forward,USA,61,9,102,Loss
Player_1,Panthers,Cricket,2025-04-13,Batsman,UK,64,13,23,Loss
Player_4,Warriors,Football,2025-04-14,Batsman,USA,31,10,12,Draw
Player_41,Dragons,Football,2025-04-15,Midfielder,USA,33,17,97,Win
Player_4,Blazers,Cricket,2025-04-16,Guard,Australia,91,11,110,Draw
Player_39,Panthers,Football,2025-04-17,Batsman,USA,94,11,89,Win
Player_34,Storm,Cricket,2025-04-18,Midfielder,USA,71,12,67,Win
Player_4,Falcons,Football,2025-04-19,Forward,India,38,12,64,Draw
Player_5,Panthers,Basketball,2025-04-20,Goalkeeper,Brazil,25,18,13,Win
Player_50,Dragons,Basketball,2025-04-21,Midfielder,Brazil,33,18,33,Win
Player_11,Falcons,Basketball,2025-04-22,Goalkeeper,India,53,13,43,Loss
Player_35,Panthers,Cricket,2025-04-23,Forward,Australia,2,3,39,Win
Player_12,Panthers,Football,2025-04-24,Midfielder,Germany,49,12,91,Loss
Player_8,Hawks,Football,2025-04-25,Forward,Australia,11,7,28,Loss
Player_50,Titans,Basketball,2025-04-26,Midfielder,Germany,64,18,40,Draw
Player_10,Warriors,Cricket,2025-04-27,Bowler,USA,53,11,69,Draw
Player_28,Blazers,Basketball,2025-04-28,Batsman,Australia,4,17,69,Loss
Player_12,Blazers,Basketball,2025-04-29,Midfielder,USA,93,5,28,Draw
Player_22,Storm,Football,2025-04-30,Batsman,USA,93,17,58,Loss
Player_46,Titans,Cricket,2025-05-01,Goalkeeper,USA,56,18,72,Win
Player_34,Storm,Football,2025-05-02,Goalkeeper,USA,16,4,119,Loss
Player_14,Dragons,Cricket,2025-05-03,Forward,India,46,8,92,Win
Player_30,Titans,Football,2025-05-04,Forward,Germany,22,2,31,Loss
Player_7,Dragons,Basketball,2025-05-05,Bowler,USA,78,9,33,Win
Player_22,Titans,Football,2025-05-06,Bowler,Australia,84,18,118,Loss
Player_41,Panthers,Basketball,2025-05-07,Midfielder,Australia,13,2,85,Win
Player_47,Panthers,Cricket,2025-05-08,Guard,India,65,14,39,Win
Player_17,Falcons,Basketball,2025-05-09,Guard,Australia,74,0,67,Draw
Player_27,Hawks,Cricket,2025-05-10,Forward,Germany,50,6,111,Win
Player_18,Hawks,Basketball,2025-05-11,Goalkeeper,India,37,11,40,Draw
Player_5,Storm,Cricket,2025-05-12,Guard,India,63,16,109,Win
Player_50,Warriors,Cricket,2025-05-13,Guard,Brazil,97,19,73,Loss
Player_49,Warriors,Basketball,2025-05-14,Bowler,USA,37,4,28,Loss
Player_29,Storm,Basketball,2025-05-15,Bowler,UK,49,3,57,Win
Player_25,Warriors,Football,2025-05-16,Forward,UK,97,11,54,Loss
Player_47,Hawks,Football,2025-05-17,Forward,India,81,19,109,Win
Player_48,Falcons,Football,2025-05-18,Goalkeeper,UK,29,17,103,Win
Player_3,Blazers,Basketball,2025-05-19,Goalkeeper,UK,78,16,64,Loss
Player_50,Hawks,Basketball,2025-05-20,Midfielder,Australia,90,18,64,Win
Player_48,Titans,Football,2025-05-21,Batsman,Brazil,50,8,106,Draw
Player_41,Falcons,Cricket,2025-05-22,Batsman,Brazil,62,3,27,Win
Player_41,Panthers,Basketball,2025-05-23,Midfielder,Australia,97,1,72,Loss
Player_45,Blazers,Basketball,2025-05-24,Bowler,Australia,51,3,101,Loss
Player_7,Blazers,Cricket,2025-05-25,Batsman,USA,37,1,56,Loss
Player_22,Dragons,Cricket,2025-05-26,Batsman,Germany,96,14,84,Win
Player_23,Blazers,Football,2025-05-27,Goalkeeper,USA,87,1,66,Win
Player_5,Titans,Basketball,2025-05-28,Forward,Germany,78,3,54,Loss
Player_26,Hawks,Football,2025-05-29,Bowler,USA,29,5,42,Win
Player_20,Falcons,Cricket,2025-05-30,Batsman,UK,50,6,26,Loss
Player_11,Falcons,Football,2025-05-31,Guard,Germany,80,9,79,Draw
Player_18,Titans,Basketball,2025-06-01,Midfielder,Brazil,4,18,13,Draw
Player_14,Titans,Cricket,2025-06-02,Goalkeeper,India,28,18,29,Loss
Player_17,Warriors,Cricket,2025-06-03,Guard,Australia,3,11,56,Win
Player_7,Storm,Basketball,2025-06-04,Batsman,India,9,2,100,Win
Player_14,Falcons,Football,2025-06-05,Bowler,India,55,12,24,Win
Player_8,Titans,Football,2025-06-06,Batsman,UK,16,17,79,Loss
Player_50,Falcons,Basketball,2025-06-07,Batsman,USA,73,7,56,Win
Player_8,Panthers,Basketball,2025-06-08,Bowler,India,16,14,87,Draw
Player_18,Hawks,Football,2025-06-09,Guard,Brazil,83,0,84,Loss
Player_47,Dragons,Football,2025-06-10,Batsman,Australia,87,2,112,Loss
Player_48,Panthers,Football,2025-06-11,Batsman,India,68,7,18,Loss
Player_24,Blazers,Cricket,2025-06-12,Midfielder,India,33,3,99,Draw
Player_47,Panthers,Football,2025-06-13,Guard,Brazil,5,15,25,Loss
Player_35,Storm,Basketball,2025-06-14,Midfielder,USA,52,9,78,Draw
Player_14,Hawks,Football,2025-06-15,Forward,Brazil,65,11,70,Draw
Player_46,Blazers,Football,2025-06-16,Forward,India,76,13,19,Loss
Player_44,Hawks,Football,2025-06-17,Guard,UK,42,13,59,Draw
Player_37,Falcons,Football,2025-06-18,Goalkeeper,USA,74,1,12,Draw
Player_34,Falcons,Cricket,2025-06-19,Midfielder,UK,22,4,86,Draw
Player_28,Panthers,Football,2025-06-20,Batsman,India,54,4,116,Loss
Player_19,Dragons,Football,2025-06-21,Forward,UK,79,5,103,Win
Player_19,Warriors,Basketball,2025-06-22,Goalkeeper,Germany,94,12,118,Draw
Player_41,Panthers,Football,2025-06-23,Forward,Australia,74,8,79,Loss
Player_43,Dragons,Basketball,2025-06-24,Forward,Germany,15,14,90,Draw
Player_41,Blazers,Football,2025-06-25,Batsman,Germany,7,13,118,Win
Player_9,Hawks,Cricket,2025-06-26,Guard,Brazil,3,6,60,Draw
Player_20,Warriors,Basketball,2025-06-27,Guard,Australia,3,19,28,Loss
Player_23,Falcons,Cricket,2025-06-28,Bowler,USA,55,1,51,Loss
Player_31,Blazers,Football,2025-06-29,Bowler,Brazil,24,6,44,Draw
Player_40,Dragons,Basketball,2025-06-30,Guard,Germany,66,5,55,Loss
Player_34,Blazers,Basketball,2025-07-01,Guard,UK,95,16,35,Draw
Player_46,Storm,Football,2025-07-02,Goalkeeper,UK,66,1,78,Draw
Player_6,Warriors,Football,2025-07-03,Guard,USA,26,2,102,Win
Player_38,Warriors,Basketball,2025-07-04,Bowler,UK,92,4,73,Draw
Player_43,Warriors,Cricket,2025-07-05,Bowler,UK,31,4,46,Loss
Player_50,Hawks,Football,2025-07-06,Midfielder,Brazil,49,0,93,Loss
Player_47,Hawks,Basketball,2025-07-07,Batsman,Brazil,60,7,58,Loss
Player_29,Hawks,Basketball,2025-07-08,Bowler,UK,50,11,30,Win
Player_25,Warriors,Cricket,2025-07-09,Goalkeeper,Australia,18,3,83,Loss
Player_47,Panthers,Cricket,2025-07-10,Batsman,India,20,12,73,Draw
Player_14,Falcons,Basketball,2025-07-11,Goalkeeper,Germany,4,14,14,Win
Player_15,Blazers,Football,2025-07-12,Bowler,Brazil,81,10,109,Win
Player_50,Blazers,Basketball,2025-07-13,Forward,UK,91,9,79,Loss
Player_39,Falcons,Basketball,2025-07-14,Batsman,UK,41,2,99,Draw
Player_39,Titans,Basketball,2025-07-15,Midfielder,Germany,60,13,13,Win
Player_41,Dragons,Basketball,2025-07-16,Forward,Brazil,21,15,112,Win
Player_13,Falcons,Football,2025-07-17,Bowler,Brazil,20,9,48,Loss
Player_4,Titans,Cricket,2025-07-18,Bowler,USA,69,9,44,Win
Player_8,Panthers,Cricket,2025-07-19,Forward,UK,0,11,10,Win
Player_35,Falcons,Cricket,2025-07-20,Midfielder,India,4,8,33,Draw
Player_8,Dragons,Football,2025-07-21,Batsman,India,11,0,66,Draw
Player_24,Storm,Cricket,2025-07-22,Goalkeeper,UK,89,4,109,Loss
Player_3,Falcons,Cricket,2025-07-23,Midfielder,Brazil,45,19,79,Win
Player_20,Blazers,Football,2025-07-24,Bowler,India,33,7,50,Loss
Player_15,Titans,Football,2025-07-25,Batsman,USA,48,10,63,Win
Player_16,Blazers,Cricket,2025-07-26,Guard,India,77,11,55,Loss
Player_11,Dragons,Basketball,2025-07-27,Goalkeeper,Brazil,89,0,69,Loss
Player_42,Falcons,Basketball,2025-07-28,Bowler,UK,44,19,117,Draw
Player_35,Hawks,Cricket,2025-07-29,Midfielder,Australia,26,10,69,Win
Player_24,Hawks,Basketball,2025-07-30,Batsman,India,72,4,66,Loss
Player_7,Storm,Basketball,2025-07-31,Batsman,USA,25,14,40,Win
Player_20,Titans,Football,2025-08-01,Goalkeeper,Germany,46,4,93,Win
Player_38,Falcons,Basketball,2025-08-02,Forward,Brazil,85,11,33,Draw
Player_17,Falcons,Basketball,2025-08-03,Bowler,UK,55,4,98,Loss
Player_38,Titans,Football,2025-08-04,Goalkeeper,India,93,16,45,Win
Player_10,Titans,Basketball,2025-08-05,Forward,Australia,62,16,94,Draw
Player_37,Warriors,Basketball,2025-08-06,Midfielder,Brazil,47,11,39,Draw
Player_36,Hawks,Football,2025-08-07,Batsman,UK,60,14,33,Draw
Player_46,Dragons,Basketball,2025-08-08,Goalkeeper,Brazil,80,14,117,Draw
Player_37,Panthers,Cricket,2025-08-09,Forward,Australia,25,5,115,Draw
Player_3,Titans,Basketball,2025-08-10,Bowler,UK,35,11,39,Draw
Player_36,Dragons,Cricket,2025-08-11,Bowler,India,0,19,95,Loss
Player_34,Warriors,Basketball,2025-08-12,Forward,India,7,17,101,Win
Player_8,Titans,Basketball,2025-08-13,Bowler,India,98,13,16,Draw
Player_47,Warriors,Football,2025-08-14,Guard,UK,51,1,44,Loss
Player_21,Warriors,Football,2025-08-15,Bowler,UK,78,8,64,Draw
Player_46,Blazers,Basketball,2025-08-16,Bowler,India,46,4,101,Loss
Player_17,Falcons,Basketball,2025-08-17,Goalkeeper,UK,55,19,23,Loss
Player_26,Dragons,Basketball,2025-08-18,Midfielder,Germany,85,0,19,Draw
Player_25,Warriors,Football,2025-08-19,Midfielder,Germany,13,2,89,Draw
Player_21,Blazers,Football,2025-08-20,Goalkeeper,USA,89,5,25,Win
Player_28,Hawks,Basketball,2025-08-21,Midfielder,UK,27,4,63,Win
Player_4,Storm,Football,2025-08-22,Guard,Germany,86,4,104,Win
Player_8,Dragons,Basketball,2025-08-23,Midfielder,USA,77,0,115,Draw
Player_13,Panthers,Basketball,2025-08-24,Goalkeeper,Germany,87,16,98,Win
Player_6,Warriors,Basketball,2025-08-25,Goalkeeper,India,1,18,86,Draw
Player_6,Dragons,Basketball,2025-08-26,Goalkeeper,Germany,25,13,79,Loss
Player_35,Warriors,Cricket,2025-08-27,Bowler,USA,13,11,53,Win
Player_37,Storm,Cricket,2025-08-28,Goalkeeper,Brazil,58,9,82,Win
Player_23,Titans,Cricket,2025-08-29,Midfielder,USA,55,19,54,Win
Player_16,Panthers,Football,2025-08-30,Goalkeeper,Germany,6,17,109,Loss
Player_41,Falcons,Basketball,2025-08-31,Forward,USA,2,10,65,Loss
Player_16,Titans,Cricket,2025-09-01,Forward,UK,22,1,116,Loss
Player_45,Hawks,Basketball,2025-09-02,Bowler,UK,17,17,93,Win
Player_5,Blazers,Football,2025-09-03,Guard,India,37,6,91,Win
Player_13,Blazers,Football,2025-09-04,Guard,Germany,98,14,116,Win
Player_41,Storm,Football,2025-09-05,Guard,USA,14,10,66,Loss
Player_25,Warriors,Basketball,2025-09-06,Goalkeeper,India,63,17,30,Win
Player_20,Titans,Cricket,2025-09-07,Midfielder,Brazil,88,11,77,Loss
Player_43,Storm,Football,2025-09-08,Goalkeeper,USA,27,5,59,Loss
Player_35,Titans,Cricket,2025-09-09,Goalkeeper,Brazil,73,19,42,Draw
Player_44,Falcons,Cricket,2025-09-10,Midfielder,Brazil,38,12,100,Loss
Player_48,Hawks,Basketball,2025-09-11,Goalkeeper,India,56,19,16,Draw
Player_37,Blazers,Basketball,2025-09-12,Guard,Brazil,16,15,79,Draw
Player_47,Falcons,Cricket,2025-09-13,Goalkeeper,Australia,85,17,24,Draw
Player_34,Titans,Cricket,2025-09-14,Goalkeeper,Germany,89,9,91,Loss
Player_39,Panthers,Football,2025-09-15,Bowler,Germany,43,7,41,Draw
Player_36,Titans,Football,2025-09-16,Batsman,Brazil,24,17,84,Win
Player_45,Warriors,Football,2025-09-17,Guard,Australia,16,0,29,Win
Player_6,Hawks,Basketball,2025-09-18,Midfielder,USA,12,7,97,Loss
Player_1,Warriors,Basketball,2025-09-19,Bowler,USA,83,5,24,Win
Player_25,Warriors,Cricket,2025-09-20,Guard,UK,24,4,57,Draw
Player_12,Titans,Cricket,2025-09-21,Goalkeeper,Brazil,67,14,80,Loss
Player_26,Storm,Basketball,2025-09-22,Bowler,Australia,9,14,30,Win
Player_41,Dragons,Basketball,2025-09-23,Bowler,Australia,66,1,51,Win
Player_48,Blazers,Cricket,2025-09-24,Goalkeeper,USA,17,0,35,Win
Player_20,Warriors,Cricket,2025-09-25,Goalkeeper,Germany,99,10,117,Draw
Player_26,Falcons,Football,2025-09-26,Batsman,India,85,9,23,Loss
